date,miles,rank,delta
2021-05-22,128.7613555867623,1.0,127.7613555867623
2018-02-24,127.8455764474878,2.0,125.8455764474878
2021-05-15,125.56886674040291,3.0,122.56886674040291
2016-10-23,105.37549554475748,4.0,101.37549554475748
2016-09-11,103.81087899387327,5.0,98.81087899387327
2020-08-30,101.12717014428276,6.0,95.12717014428276
2021-06-13,100.54867212646178,7.0,93.54867212646178
2014-04-12,100.51076838952615,8.0,92.51076838952615
2013-04-27,99.67812892241541,9.0,90.67812892241541
2017-05-28,99.47991101942412,10.0,89.47991101942412
2017-10-01,98.2819043831633,11.0,87.2819043831633
2017-04-29,94.13237724781588,12.0,82.13237724781588
2019-12-20,89.04830551654716,13.0,76.04830551654716
2015-12-28,87.25067418941927,14.0,73.25067418941927
2021-12-19,87.03940745895834,15.0,72.03940745895834
2014-04-05,86.48700709607665,16.0,70.48700709607665
2018-02-17,86.35962568506345,17.0,69.35962568506345
2015-12-29,85.93336398772168,18.0,67.93336398772168
2017-10-21,85.70718431158114,19.0,66.70718431158114
2015-11-07,85.10196726608424,20.0,65.10196726608424
2021-05-08,84.0735953869288,21.0,63.0735953869288
2014-12-31,82.3405868244125,22.0,60.3405868244125
2014-08-06,82.03984241987399,23.0,59.03984241987399
2021-11-28,80.42178781363789,24.0,56.42178781363789
2014-04-19,80.12290752730934,25.0,55.12290752730934
2016-08-21,79.60909441137362,26.0,53.60909441137362
2015-07-25,77.90584960294282,27.0,50.90584960294282
2014-05-03,77.55166714305244,28.0,49.55166714305244
2019-12-21,76.68733766637256,29.0,47.68733766637256
2019-11-23,76.58108292840544,30.0,46.581082928405436
2014-12-29,76.35055364310836,31.0,45.350553643108356
2021-11-13,76.31016441522613,32.0,44.310164415226126
2020-10-21,75.82928405433285,33.0,42.829284054332845
2018-12-02,74.68154647246698,34.0,40.68154647246698
2013-04-06,73.98747312562914,35.0,38.98747312562914
2021-04-17,73.94024879764376,36.0,37.94024879764376
2014-05-31,73.83399405967664,37.0,36.83399405967664
2019-11-29,73.45992767221345,38.0,35.45992767221345
2021-08-08,73.15160252028782,39.0,34.151602520287824
2021-12-05,73.09828873948327,40.0,33.098288739483266
2015-08-30,72.27869809984217,41.0,31.278698099842174
2014-03-22,71.88661190301615,42.0,29.886611903016146
2014-12-28,71.54175003417551,43.0,28.541750034175507
2014-03-15,71.3932419501162,44.0,27.393241950116206
2016-12-27,71.33048330371457,45.0,26.330483303714573
2021-10-23,71.0912548001044,46.0,25.091254800104394
2014-08-24,70.73769371295066,47.0,23.73769371295066
2021-12-11,70.53450482806616,48.0,22.53450482806616
2019-09-09,70.50032932755043,49.0,21.500329327550432
2013-03-30,70.4263859718891,50.0,20.426385971889104
2015-03-21,69.25137012688431,51.0,18.25137012688431
2016-09-03,67.63331552064822,52.0,15.633315520648225
2015-12-27,67.25179266034525,53.0,14.251792660345245
2013-03-23,66.5788459865535,54.0,12.578845986553503
2020-04-11,66.46824163942983,55.0,11.468241639429834
2018-02-04,66.4154249568146,56.0,10.415424956814604
2014-08-04,65.99040600494612,57.0,8.990406004946124
2021-07-04,65.91024892191831,58.0,7.91024892191831
2020-08-08,65.83692693899363,59.0,6.836926938993628
2014-10-19,65.49392918836294,60.0,5.493929188362941
2021-10-16,64.98316079883679,61.0,3.983160798836792
2020-08-15,64.950849416531,62.0,2.9508494165309997
2015-12-23,64.38726434438964,63.0,1.387264344389635
2014-11-16,64.15207476356768,64.0,0.15207476356768268
2021-10-02,63.80317397193881,65.0,-1.1968260280611887
2014-03-08,63.57015919569513,66.0,-2.4298408043048667
2015-09-05,63.38933972933004,67.0,-3.6106602706699604
2021-05-29,63.31104676451216,68.0,-4.688953235487837
2021-07-10,63.233996545167585,69.0,-5.766003454832415
2020-10-22,63.226540072327786,70.0,-6.773459927672214
2021-08-23,62.46660121540508,71.0,-8.533398784594922
2016-03-19,62.11136242186238,72.0,-9.888637578137619
2014-05-24,61.22752184125169,73.0,-11.772478158748306
2013-11-16,61.15146581828576,74.0,-12.848534181714243
2014-03-01,61.10604347123665,75.0,-13.893956528763347
2016-11-27,60.63467011321412,76.0,-15.36532988678588
2021-04-10,60.56805895584526,77.0,-16.43194104415474
2014-12-27,60.06623833372687,78.0,-17.933761666273128
2013-03-09,59.737345744218125,79.0,-19.262654255781875
2019-12-18,59.53664235028024,80.0,-20.46335764971976
2017-12-27,58.71307492512459,81.0,-22.286925074875413
2021-03-21,57.66028309741882,82.0,-24.33971690258118
2014-01-18,57.220351199870755,83.0,-25.779648800129245
2019-08-16,57.197484683162045,84.0,-26.802515316837955
2017-12-29,56.616625448941804,85.0,-28.383374551058196
2017-12-28,56.55796786260206,86.0,-29.442032137397938
2017-04-15,56.21130401282514,87.0,-30.78869598717486
2017-04-22,55.85351759106218,88.0,-32.14648240893782
2016-10-29,55.84773882461133,89.0,-33.15226117538867
2017-12-16,54.73753215603912,90.0,-35.26246784396088
2017-12-10,54.51607491269713,91.0,-36.48392508730287
2018-10-12,54.42330396311532,92.0,-37.57669603688468
2014-07-20,54.30822573228777,93.0,-38.69177426771223
2018-04-21,54.079187741558655,94.0,-39.920812258441345
2018-05-12,54.06067083400649,95.0,-40.93932916599351
2019-03-16,53.80826922837934,96.0,-42.19173077162066
2021-07-24,53.7373705991276,97.0,-43.2626294008724
2015-05-20,53.51162588390272,98.0,-44.48837411609728
2021-07-03,53.32285284650851,99.0,-45.67714715349149
2013-05-06,53.27792759764873,100.0,-46.72207240235127
2016-11-13,52.9596604819367,101.0,-48.0403395180633
2018-11-04,52.93356282699741,102.0,-49.06643717300259
2021-11-20,52.77312438639442,103.0,-50.22687561360558
2015-07-03,52.70061018802739,104.0,-51.29938981197261
2021-09-25,52.692532342450946,105.0,-52.307467657549054
2019-08-19,52.59385835187095,106.0,-53.40614164812905
2015-12-20,52.50046602955249,107.0,-54.49953397044751
2019-09-21,52.421489554724296,108.0,-55.578510445275704
2016-02-20,52.11738973740789,109.0,-56.88261026259211
2014-09-07,51.85728310984628,110.0,-58.14271689015372
2014-10-26,51.701070003852514,111.0,-59.298929996147486
2014-11-02,51.69056880460313,112.0,-60.30943119539687
2018-08-18,51.507885220028086,113.0,-61.492114779971914
2017-09-02,51.35863148868481,114.0,-62.64136851131519
2021-05-02,50.9029788608995,115.0,-64.09702113910049
2020-04-05,50.43583083748617,116.0,-65.56416916251382
2016-08-27,50.36959250375931,117.0,-66.6304074962407
2021-04-03,50.224191283383256,118.0,-67.77580871661675
2018-01-07,49.72833583953671,119.0,-69.27166416046329
2020-04-19,49.5296208383561,120.0,-70.4703791616439
2015-05-16,49.45232206991687,121.0,-71.54767793008313
2015-04-04,49.275665800887325,122.0,-72.72433419911268
2019-07-18,49.22676376651299,123.0,-73.77323623348701
2021-06-28,49.12100612673518,124.0,-74.87899387326482
2018-04-07,48.87550175848485,125.0,-76.12449824151514
2021-04-24,48.79267277268943,126.0,-77.20732722731057
2018-12-25,48.69157542843651,127.0,-78.30842457156349
2019-06-30,48.35970024979184,128.0,-79.64029975020816
2016-08-13,48.04509923322604,129.0,-80.95490076677396
2018-09-07,47.8711148669641,130.0,-82.12888513303591
2018-10-13,47.554774006735684,131.0,-83.44522599326432
2019-06-21,47.25359464128152,132.0,-84.74640535871848
2019-08-15,46.48998968521257,133.0,-86.51001031478742
2021-08-15,45.756645581418475,134.0,-88.24335441858153
2020-03-29,45.56588415126698,135.0,-89.43411584873303
2019-06-25,45.461866355151805,136.0,-90.53813364484819
2020-10-18,45.40836616252626,137.0,-91.59163383747375
2019-01-12,45.299501659065214,138.0,-92.70049834093479
2021-06-05,45.21959312513204,139.0,-93.78040687486796
2021-09-12,44.929287782569254,140.0,-95.07071221743075
2021-10-12,44.73479811599786,141.0,-96.26520188400214
2021-07-31,44.6953409472206,142.0,-97.3046590527794
2021-02-21,44.64358059825767,143.0,-98.35641940174233
2020-09-27,44.6266792598208,144.0,-99.3733207401792
2020-10-20,44.59138528837909,145.0,-100.40861471162091
2021-06-27,43.831881392372026,146.0,-102.16811860762797
2020-12-23,43.33124137845328,147.0,-103.66875862154671
2019-08-28,43.32403345470815,148.0,-104.67596654529186
2020-10-16,43.05895584525334,149.0,-105.94104415474666
2019-07-17,43.05547615792809,150.0,-106.9445238420719
2013-08-03,42.75274336063231,151.0,-108.24725663936769
2018-06-17,42.72726707842967,152.0,-109.27273292157034
2013-03-16,42.58155517168529,153.0,-110.4184448283147
2013-09-13,42.2447711484211,154.0,-111.75522885157889
2017-01-14,42.21233549156798,155.0,-112.78766450843202
2019-06-15,42.102103968086304,156.0,-113.89789603191369
2021-02-28,42.09042216063728,157.0,-114.90957783936273
2019-05-24,41.99050542458399,158.0,-116.009494575416
2017-07-08,41.7298395615594,159.0,-117.2701604384406
2019-05-29,41.62973641368511,160.0,-118.37026358631489
2021-03-14,41.623709098139614,161.0,-119.37629090186039
2021-03-28,41.5405072887022,162.0,-120.4594927112978
2020-05-24,41.40983260218475,163.0,-121.59016739781525
2021-06-21,41.303950687859626,164.0,-122.69604931214037
2017-12-17,41.19204145798899,165.0,-123.80795854201101
2020-06-20,40.88104440329576,166.0,-125.11895559670424
2016-07-23,39.68483974797122,167.0,-127.31516025202879
2019-06-05,39.42665937589322,168.0,-128.57334062410678
2021-03-11,39.0358159245405,169.0,-129.9641840754595
2017-08-13,39.01381932966309,170.0,-130.98618067033692
2021-02-06,38.83759802154921,171.0,-132.1624019784508
2020-09-08,38.83275131420334,172.0,-133.16724868579666
2020-10-15,38.41301403059639,173.0,-134.5869859694036
2021-07-18,38.060695688915956,174.0,-135.93930431108404
2019-07-14,38.03981756496452,175.0,-136.96018243503548
2017-11-19,37.73870033678403,176.0,-138.26129966321596
2013-01-05,37.614674338548724,177.0,-139.38532566145128
2016-04-30,37.507860365118624,178.0,-140.49213963488137
2017-07-22,37.320392210471375,179.0,-141.67960778952863
2014-02-22,37.17884350106255,180.0,-142.82115649893746
2020-09-12,37.134166801297425,181.0,-143.86583319870257
2018-10-07,36.98031491170293,182.0,-145.01968508829708
2019-06-26,36.95434153131097,183.0,-146.04565846868903
2014-04-03,36.86759789727466,184.0,-147.13240210272534
2021-10-30,36.66795083698908,185.0,-148.33204916301094
2013-03-02,36.3196092808232,186.0,-149.68039071917678
2019-06-11,36.23945219779537,187.0,-150.76054780220463
2021-05-01,36.217952701107286,188.0,-151.7820472988927
2019-02-21,36.146681248213554,189.0,-152.85331875178645
2020-09-26,36.12480892788348,190.0,-153.87519107211654
2017-09-04,36.009606422508604,191.0,-154.9903935774914
2016-02-06,35.94889830613792,192.0,-156.05110169386208
2014-03-20,35.82101979693539,193.0,-157.1789802030646
2021-03-30,35.78547727639902,194.0,-158.21452272360096
2021-10-31,35.78274323635776,195.0,-159.21725676364224
2021-06-29,35.69500540594281,196.0,-160.30499459405718
2020-08-02,35.653994805323926,197.0,-161.34600519467608
2019-12-15,35.49032522649036,198.0,-162.50967477350963
2021-11-06,35.443722271241626,199.0,-163.55627772875837
2015-08-15,35.287944126163524,200.0,-164.71205587383648
2015-05-02,35.26290280487653,201.0,-165.73709719512345
2017-03-12,35.139933140293536,202.0,-166.86006685970648
2021-06-19,34.8094249816695,203.0,-168.1905750183305
2014-07-12,34.69391178992631,204.0,-169.30608821007368
2018-12-23,34.65762362210596,205.0,-170.34237637789403
2019-06-23,34.1928368150919,206.0,-171.8071631849081
2016-12-04,33.65050269054395,207.0,-173.34949730945604
2020-03-21,33.534678812432425,208.0,-174.46532118756758
2014-10-12,33.133582710924976,209.0,-175.86641728907503
2021-08-14,33.07983396920477,210.0,-176.92016603079523
2013-04-15,33.029564914809804,211.0,-177.9704350851902
2018-07-08,32.66842308026893,212.0,-179.33157691973108
2020-05-02,32.64226328805597,213.0,-180.35773671194403
2020-08-06,32.481576298358334,214.0,-181.51842370164167
2020-10-17,32.16274994718332,215.0,-182.83725005281667
2018-05-19,32.13422893857109,216.0,-183.86577106142892
2020-08-18,31.650428125815555,217.0,-185.34957187418445
2019-08-18,31.5504492524886,218.0,-186.4495507475114
2015-08-09,31.535722718629998,219.0,-187.46427728137002
2014-03-25,30.9544285234941,220.0,-189.0455714765059
2016-08-09,30.86992183130973,221.0,-190.13007816869026
2021-10-10,30.635788584140084,222.0,-191.36421141585993
2014-05-13,30.622739756670438,223.0,-192.37726024332957
2014-04-09,30.617955186598234,224.0,-193.38204481340176
2021-09-19,30.303851268221756,225.0,-194.69614873177824
2015-07-19,30.026967576770602,226.0,-195.9730324232294
2013-09-07,29.985832701604387,227.0,-197.01416729839562
2018-12-24,29.87684392359601,228.0,-198.123156076404
2018-07-11,29.859942585159136,229.0,-199.14005741484087
2019-08-14,29.84993848409907,230.0,-200.15006151590092
2021-02-25,29.79097021139101,231.0,-201.209029788609
2020-05-18,29.743745883405623,232.0,-202.2562541165944
2018-04-29,29.73386605689289,233.0,-203.26613394310712
2015-09-10,29.708762598332235,234.0,-204.29123740166776
2020-08-16,29.629910398051376,235.0,-205.37008960194862
2019-06-01,29.602569997638785,236.0,-206.3974300023612
2021-06-24,29.475809959362223,237.0,-207.5241900406378
2021-08-07,29.41777374575913,238.0,-208.58222625424088
2014-08-23,29.336436054531674,239.0,-209.66356394546833
2021-09-18,29.309157791392746,240.0,-210.69084220860725
2014-12-25,29.221171411883134,241.0,-211.77882858811688
2021-05-31,29.079560565200644,242.0,-212.92043943479936
2013-08-26,29.07353324965514,243.0,-213.92646675034487
2021-02-03,29.007232778654604,244.0,-214.9927672213454
2021-12-24,28.850336162650528,245.0,-216.14966383734946
2019-05-25,28.850087613555868,246.0,-217.14991238644413
2019-08-31,28.76073421402563,247.0,-218.23926578597437
2021-07-12,28.74737470018766,248.0,-219.25262529981234
2020-02-22,28.58451290591174,249.0,-220.41548709408826
2015-06-14,28.50454223470491,250.0,-221.4954577652951
2019-06-06,28.425565759876722,251.0,-222.57443424012328
2021-11-21,28.257795120981275,252.0,-223.74220487901871
2018-08-12,28.221320541339928,253.0,-224.77867945866006
2021-06-04,28.15321808940311,254.0,-225.8467819105969
2016-12-28,28.118110529782395,255.0,-226.8818894702176
2020-08-23,28.042862291374107,256.0,-227.9571377086259
2020-10-04,27.97817738948886,257.0,-229.02182261051115
2021-05-05,27.911379820299008,258.0,-230.088620179701
2021-09-30,27.892179402736527,259.0,-231.10782059726347
2014-08-30,27.81885741981185,260.0,-232.18114258018815
2014-03-11,27.53116184274299,261.0,-233.468838157257
2019-06-22,27.529359861806704,262.0,-234.4706401381933
2019-07-01,27.52370536990319,263.0,-235.47629463009682
2019-07-26,27.410615531832928,264.0,-236.58938446816708
2021-04-16,27.1807076192725,265.0,-237.8192923807275
2020-08-26,27.156598357090484,266.0,-238.84340164290953
2020-08-22,26.942162625672637,267.0,-240.05783737432736
2018-05-06,26.83951184957809,268.0,-241.1604881504219
2019-05-30,26.79862552350653,269.0,-242.20137447649347
2015-12-26,26.56616998272584,270.0,-243.43383001727415
2019-02-22,26.545851094237392,271.0,-244.45414890576262
2019-07-15,26.468800874892818,272.0,-245.53119912510718
2019-11-09,26.136987833521818,273.0,-246.86301216647817
2021-04-22,26.13002845887134,274.0,-247.86997154112865
2021-08-13,26.09672288018691,275.0,-248.90327711981308
2021-04-23,26.09498303652429,276.0,-249.9050169634757
2021-07-09,25.98481365031628,277.0,-251.01518634968372
2021-09-07,25.967912311879402,278.0,-252.0320876881206
2019-09-04,25.91006251009731,279.0,-253.0899374899027
2014-08-05,25.58496029428213,280.0,-254.41503970571787
2015-11-03,25.578498017820973,281.0,-255.42150198217902
2014-05-26,25.56923956404489,282.0,-256.4307604359551
2021-03-27,25.55103334286105,283.0,-257.44896665713895
2019-05-21,25.253147252911134,284.0,-258.74685274708884
2021-03-19,25.147451750407,285.0,-259.852548249593
2020-05-20,25.144344886723754,286.0,-260.85565511327627
2021-10-25,25.11414617172257,287.0,-261.88585382827745
2013-01-27,25.009382728323416,288.0,-262.99061727167657
2021-09-20,24.659239191221246,289.0,-264.3407608087788
2015-01-31,24.561435122472567,290.0,-265.4385648775274
2020-01-25,24.524463444641903,291.0,-266.4755365553581
2019-08-25,24.490909316862812,292.0,-267.5090906831372
2017-04-27,24.455615345421105,293.0,-268.5443846545789
2017-08-22,24.432873103259723,294.0,-269.56712689674026
2021-09-04,24.406340487404776,295.0,-270.5936595125952
2018-08-11,24.24844967502206,296.0,-271.7515503249779
2017-09-10,24.241863124013573,297.0,-272.75813687598645
2018-02-03,24.21154013446506,298.0,-273.78845986553495
2019-09-05,24.135794797867447,299.0,-274.86420520213255
2016-11-25,24.10435333739297,300.0,-275.895646662607
2013-09-28,24.063404874047745,301.0,-276.93659512595224
2014-04-24,24.0061764450023,302.0,-277.9938235549977
2020-08-03,23.932481638435632,303.0,-279.06751836156434
2019-06-02,23.8464836516833,304.0,-280.1535163483167
2017-09-28,23.79335628269974,305.0,-281.20664371730027
2021-10-13,23.78819888898555,306.0,-282.21180111101444
2020-09-14,23.448432276585432,307.0,-283.55156772341456
2021-01-10,23.390085376614017,308.0,-284.609914623386
2017-03-30,23.327140318391393,309.0,-285.6728596816086
2018-02-22,23.233375172430936,310.0,-286.76662482756905
2020-02-23,23.173723389712556,311.0,-287.82627661028744
2020-02-09,23.173350566070567,312.0,-288.82664943392945
2020-09-15,23.15669777672835,313.0,-289.8433022232716
2021-08-28,22.995265139746728,314.0,-291.0047348602533
2017-08-24,22.924987883231637,315.0,-292.07501211676833
2014-03-27,22.895596952788104,316.0,-293.1044030472119
2020-09-20,22.800340512259684,317.0,-294.1996594877403
2021-06-17,22.788472292989674,318.0,-295.2115277070103
2019-06-27,22.755725949768227,319.0,-296.24427405023175
2019-05-23,22.589695154535402,320.0,-297.4103048454646
2020-08-12,22.58279791715859,321.0,-298.4172020828414
2021-06-02,22.40626592267638,322.0,-299.59373407732363
2020-04-08,22.40042501895187,323.0,-300.59957498104814
2020-06-26,22.342326668075113,324.0,-301.6576733319249
2021-03-31,22.283917630830032,325.0,-302.71608236916995
2018-01-06,22.283047708998723,326.0,-303.7169522910013
2017-12-09,22.273354294306984,327.0,-304.72664570569304
2014-04-22,22.16113437806803,328.0,-305.838865621932
2015-05-21,22.113040128251335,329.0,-306.8869598717487
2019-12-31,21.93613531012713,330.0,-308.06386468987284
2021-06-20,21.91587855891235,331.0,-309.08412144108763
2020-06-06,21.756745001056334,332.0,-310.24325499894366
2018-08-04,21.7458088408913,333.0,-311.2541911591087
2020-05-04,21.61121950613295,334.0,-312.38878049386705
2020-07-09,21.583754831173028,335.0,-313.41624516882695
2020-04-24,21.548522997004984,336.0,-314.45147700299503
2021-11-26,21.45997738203239,337.0,-315.5400226179676
2020-11-20,21.42107944871811,338.0,-316.5789205512819
2021-03-17,21.383548535424463,339.0,-317.61645146457556
2020-06-19,21.370499707954817,340.0,-318.6295002920452
2015-02-14,21.271639305553833,341.0,-319.72836069444617
2021-04-29,21.151030857370102,342.0,-320.8489691426299
2021-09-22,21.127605105198406,343.0,-321.8723948948016
2021-09-27,21.038500254762823,344.0,-322.9614997452372
2013-10-25,21.025824250935166,345.0,-323.97417574906484
2021-03-16,20.985745709421252,346.0,-325.0142542905787
2012-10-27,20.969652155542025,347.0,-326.030347844458
2013-05-03,20.965178271838145,348.0,-327.03482172816183
2017-09-07,20.94069618601414,349.0,-328.0593038139859
2021-12-04,20.908509078255683,350.0,-329.0914909217443
2020-07-06,20.900182683584575,351.0,-330.0998173164154
2013-01-11,20.890613543440168,352.0,-331.10938645655983
2021-08-29,20.81604881504219,353.0,-332.18395118495783
2021-10-07,20.810705009507004,354.0,-333.189294990493
2015-11-06,20.785725825493685,355.0,-334.21427417450633
2021-08-30,20.7432860675805,356.0,-335.25671393241953
2019-10-19,20.723899238197028,357.0,-336.276100761803
2021-05-27,20.6534977071346,358.0,-337.3465022928654
2016-09-22,20.591049747101298,359.0,-338.4089502528987
2018-07-19,20.519219058744582,360.0,-339.48078094125543
2019-05-28,20.44266593758932,361.0,-340.5573340624107
2020-12-11,20.418743087228304,362.0,-341.5812569127717
2021-07-15,20.388544372227123,363.0,-342.6114556277729
2019-06-16,20.375681956578475,364.0,-343.6243180434215
2021-05-18,20.328644040414083,365.0,-344.6713559595859
2017-06-22,20.260790137571924,366.0,-345.7392098624281
2017-03-23,20.213130848670886,367.0,-346.78686915132914
2021-03-02,20.20772490586203,368.0,-347.79227509413795
2021-10-22,20.2003305702959,369.0,-348.7996694297041
2020-06-14,20.09320591049747,370.0,-349.9067940895025
2020-03-26,20.06797817738949,371.0,-350.9320218226105
2020-03-04,20.025103458560654,372.0,-351.97489654143936
2017-07-04,20.023052928529708,373.0,-352.9769470714703
2017-07-25,20.021748045782743,374.0,-353.9782519542173
2017-08-02,19.990679408950253,375.0,-355.00932059104974
2021-04-18,19.831794400188897,376.0,-356.16820559981113
2021-04-15,19.817378552698624,377.0,-357.18262144730136
2021-10-29,19.800042253346092,378.0,-358.1999577466539
2021-01-14,19.715100600246064,379.0,-359.28489939975395
2017-05-04,19.688567984391117,380.0,-360.3114320156089
2017-03-25,19.567276026197078,381.0,-361.4327239738029
2021-08-27,19.54074341034213,382.0,-362.45925658965785
2019-06-04,19.531049995650392,383.0,-363.4689500043496
2021-05-21,19.35675494302012,384.0,-364.6432450569799
2016-04-08,19.314377322380604,385.0,-365.6856226776194
2015-03-28,19.309468477761072,386.0,-366.6905315222389
2016-10-22,19.3058645158885,387.0,-367.6941354841115
2021-03-07,19.26876856351051,388.0,-368.7312314364895
2020-09-05,19.18668522499907,389.0,-369.81331477500095
2016-08-19,19.154125293598618,390.0,-370.8458747064014
2021-09-29,19.11609728211565,391.0,-371.8839027178843
2021-02-09,19.100625100973073,392.0,-372.89937489902695
2016-08-11,19.094908471795893,393.0,-373.9050915282041
2013-06-27,19.08925397989238,394.0,-374.91074602010764
2018-07-14,19.076329426970062,395.0,-375.92367057302994
2016-09-16,19.0331440217729,396.0,-376.9668559782271
2013-04-04,19.023699156175823,397.0,-377.97630084382416
2019-06-09,19.011458113263824,398.0,-378.9885418867362
2018-07-31,18.973181552686196,399.0,-380.0268184473138
2017-06-09,18.913094809052158,400.0,-381.08690519094785
2018-10-11,18.90862092534828,401.0,-382.09137907465174
2020-05-16,18.90464413983372,402.0,-383.09535586016625
2019-11-19,18.896566294257273,403.0,-384.1034337057427
2013-06-19,18.884946624081923,404.0,-385.1150533759181
2021-06-07,18.876868778505475,405.0,-386.12313122149453
2017-11-14,18.790870791753143,406.0,-387.20912920824685
2017-09-12,18.767693588676103,407.0,-388.2323064113239
2015-08-17,18.763965352256204,408.0,-389.2360346477438
2020-09-04,18.74352218922043,409.0,-390.2564778107796
2014-02-20,18.741658071010477,410.0,-391.2583419289895
2019-07-06,18.694371605751424,411.0,-392.3056283942486
2020-06-30,18.609678501746057,412.0,-393.39032149825397
2017-08-17,18.537909950663007,413.0,-394.462090049337
2018-07-17,18.520697925857807,414.0,-395.4793020741422
2020-06-22,18.48447189531112,415.0,-396.5155281046889
2013-03-22,18.471423067841474,416.0,-397.5285769321585
2018-02-01,18.42363950439311,417.0,-398.5763604956069
2021-02-20,18.420532640709858,418.0,-399.57946735929016
2016-08-17,18.418109287036923,419.0,-400.58189071296306
2018-10-20,18.36852374265227,420.0,-401.63147625734774
2018-05-10,18.363242074390744,421.0,-402.63675792560923
2016-12-26,18.33136565300061,422.0,-403.6686343469994
2020-08-14,18.279294617669354,423.0,-404.72070538233066
2013-03-27,18.211564989374526,424.0,-405.78843501062545
2021-08-19,18.176705978848474,425.0,-406.8232940211515
2020-05-07,18.026893012042205,426.0,-407.9731069879578
2021-04-27,17.957609951905752,427.0,-409.04239004809426
2015-07-26,17.907651583879108,428.0,-410.0923484161209
2019-12-09,17.857506804031466,429.0,-411.14249319596854
2017-05-25,17.78766450843203,430.0,-412.21233549156796
2021-07-26,17.77355934731008,431.0,-413.2264406526899
2020-04-12,17.76796699268023,432.0,-414.2320330073198
2021-12-22,17.7286340984503,433.0,-415.2713659015497
2014-03-23,17.66606186386966,434.0,-416.3339381361303
2021-08-12,17.623559968682816,435.0,-417.3764400313172
2017-04-06,17.54278151291834,436.0,-418.45721848708166
2021-10-15,17.45908260529161,437.0,-419.5409173947084
2016-05-30,17.429318851206087,438.0,-420.57068114879394
2015-06-21,17.405023177203077,439.0,-421.5949768227969
2021-08-10,17.40005219530988,440.0,-422.59994780469015
2014-11-27,17.366498067530788,441.0,-423.6335019324692
2019-06-10,17.29131196639616,442.0,-424.70868803360383
2021-05-24,17.27913306075783,443.0,-425.72086693924217
2013-11-05,17.246510992083714,444.0,-426.7534890079163
2021-05-10,17.22414157356432,445.0,-427.77585842643566
2021-06-12,17.082095765966173,446.0,-428.9179042340338
2013-01-10,17.048355226366088,447.0,-429.9516447736339
2021-12-09,16.999142505623425,448.0,-431.0008574943766
2013-11-15,16.83833124137845,449.0,-432.16166875862154
2020-06-27,16.708029378502992,450.0,-433.291970621497
2020-07-02,16.704736102998744,451.0,-434.29526389700123
2021-10-11,16.647942634868954,452.0,-435.35205736513103
2019-06-19,16.64701057576398,453.0,-436.352989424236
2013-12-19,16.597611443200318,454.0,-437.4023885567997
2020-06-28,16.589844283992196,455.0,-438.4101557160078
2019-11-16,16.56182037356929,456.0,-439.4381796264307
2020-06-18,16.537773248660944,457.0,-440.4622267513391
2017-08-15,16.485018703319373,458.0,-441.5149812966806
2019-06-14,16.47824574048989,459.0,-442.5217542595101
2020-07-07,16.447239240931065,460.0,-443.5527607590689
2014-09-13,16.441709023574884,461.0,-444.5582909764251
2019-05-20,16.33713199199672,462.0,-445.6628680080033
2013-08-24,16.33091826463022,463.0,-446.6690817353698
2013-04-09,16.281519132066563,464.0,-447.7184808679334
2021-02-23,16.209688443709844,465.0,-448.79031155629013
2021-08-22,16.171784706774208,466.0,-449.8282152932258
2021-10-09,16.149477425528477,467.0,-450.85052257447154
2021-11-09,16.120086495084944,468.0,-451.87991350491507
2015-06-07,16.107659040351948,469.0,-452.89234095964804
2013-08-22,16.104738588489692,470.0,-453.8952614115103
2021-08-25,15.956541190798713,471.0,-455.0434588092013
2013-03-26,15.876881205960208,472.0,-456.1231187940398
2012-12-19,15.719114668124822,473.0,-457.2808853318752
2014-05-07,15.713646588042304,474.0,-458.2863534119577
2018-01-23,15.645419861558155,475.0,-459.35458013844186
2020-11-13,15.62988554314191,476.0,-460.3701144568581
2020-06-09,15.629512719499921,477.0,-461.3704872805001
2018-06-07,15.629202033131596,478.0,-462.3707979668684
2017-08-31,15.610498713758435,479.0,-463.38950128624157
2017-08-28,15.578746566915632,480.0,-464.42125343308436
2020-03-31,15.430673443771981,481.0,-465.569326556228
2021-04-06,15.421725676364224,482.0,-466.57827432363575
2020-07-28,15.412777908956468,483.0,-467.58722209104354
2021-11-19,15.263462040339517,484.0,-468.7365379596605
2015-11-05,15.188089527383896,485.0,-469.8119104726161
2019-02-10,15.169945443473722,486.0,-470.8300545565263
2021-01-21,15.129183391949496,487.0,-471.8708166080505
2012-12-08,15.12638721463457,488.0,-472.8736127853654
2020-04-15,15.11998707544708,489.0,-473.88001292455294
2018-10-28,15.106316875240783,490.0,-474.8936831247592
2018-12-13,15.071209315620068,491.0,-475.9287906843799
2021-08-04,15.038649384219621,492.0,-476.96135061578036
2021-11-27,15.030074440453852,493.0,-477.96992555954614
2020-09-28,14.93438303900978,494.0,-479.0656169609902
2020-08-07,14.931338312600197,495.0,-480.0686616873998
2017-09-19,14.915431170541963,496.0,-481.084568829458
2013-06-12,14.904557147650591,497.0,-482.09544285234944
2020-08-20,14.803459803397667,498.0,-483.1965401966023
2020-07-15,14.802154920650702,499.0,-484.1978450793493
2020-05-21,14.788795406812731,500.0,-485.2112045931873
2021-11-11,14.667254899524028,501.0,-486.33274510047596
2021-11-17,14.559073906073298,502.0,-487.4409260939267
2021-12-17,14.523469248263265,503.0,-488.47653075173673
2018-09-04,14.51856040364373,504.0,-489.48143959635627
2021-05-17,14.50470379161644,505.0,-490.49529620838354
2020-07-04,14.425603042240919,506.0,-491.57439695775906
2017-06-01,14.393540209029789,507.0,-492.60645979097023
2015-05-18,14.384095343432714,508.0,-493.6159046565673
2021-11-02,14.2788969391179,509.0,-494.7211030608821
2012-12-12,14.213342115401344,510.0,-495.78665788459864
2021-06-23,14.20315160252029,511.0,-496.7968483974797
2021-07-25,14.176432574844346,512.0,-497.82356742515566
2021-09-11,14.150707743547045,513.0,-498.84929225645294
2020-06-08,14.148284389874112,514.0,-499.8517156101259
2021-06-09,14.143686231622903,515.0,-500.8563137683771
2020-06-24,14.09111809810233,516.0,-501.90888190189764
2018-12-17,14.001516149477427,517.0,-502.9984838505226
2020-03-23,13.961686157058173,518.0,-504.0383138429418
2014-03-04,13.874134738464216,519.0,-505.1258652615358
2018-05-08,13.829830862341085,520.0,-506.1701691376589
2018-10-16,13.800004970981895,521.0,-507.1999950290181
2012-12-17,13.792424223594766,522.0,-508.20757577640524
2015-03-05,13.776082120620877,523.0,-509.22391787937914
2020-06-11,13.601352107074952,524.0,-510.39864789292506
2018-08-02,13.531012713286193,525.0,-511.4689872867138
2021-02-17,13.514670610312303,526.0,-512.4853293896876
2013-09-24,13.489194328109658,527.0,-513.5108056718904
2020-11-28,13.465457889569638,528.0,-514.5345421104304
2013-01-07,13.414753874259015,529.0,-515.585246125741
2020-02-13,13.405184734114608,530.0,-516.5948152658854
2017-06-08,13.39859818310612,531.0,-517.6014018168938
2018-04-03,13.381199746479925,532.0,-518.61880025352
2019-05-18,13.379770589185629,533.0,-519.6202294108143
2017-06-06,13.345719363217219,534.0,-520.6542806367828
2020-04-06,13.25114643269912,535.0,-521.7488535673009
2021-06-15,13.234493643356904,536.0,-522.7655063566431
2017-04-25,13.200318142841166,537.0,-523.7996818571588
2013-01-24,13.17216995787093,538.0,-524.8278300421291
2015-08-20,13.10779574235401,539.0,-525.892204257646
2021-09-09,13.008376104490042,540.0,-526.99162389551
2013-11-21,12.997874905240659,541.0,-528.0021250947593
2015-08-25,12.927846197820225,542.0,-529.0721538021797
2013-02-07,12.890688108168566,543.0,-530.1093118918315
2017-09-09,12.87863347707756,544.0,-531.1213665229225
2021-11-10,12.849428958455018,545.0,-532.1505710415449
2021-09-03,12.820348714379808,546.0,-533.1796512856201
2013-03-14,12.776231250077673,547.0,-534.2237687499223
2021-12-01,12.756285185231214,548.0,-535.2437148147687
2021-12-08,12.709744367256143,549.0,-536.2902556327439
2019-06-13,12.706761778120224,550.0,-537.2932382218797
2018-10-21,12.619458908620926,551.0,-538.3805410913791
2021-03-25,12.583792113537227,552.0,-539.4162078864628
2018-05-29,12.573788012477165,553.0,-540.4262119875228
2019-07-12,12.546199062969913,554.0,-541.4538009370301
2019-10-26,12.539612511961426,555.0,-542.4603874880386
2017-07-06,12.446282326916624,556.0,-543.5537176730834
2018-01-31,12.444418208706676,557.0,-544.5555817912933
2020-06-05,12.436278225856563,558.0,-545.5637217741435
2021-11-05,12.430188773037395,559.0,-546.5698112269627
2018-10-27,12.427268321175141,560.0,-547.5727316788249
2021-06-16,12.42565275205985,561.0,-548.5743472479402
2014-01-08,12.396261821616317,562.0,-549.6037381783837
2020-06-03,12.382405209589026,563.0,-550.617594790411
2017-03-15,12.3648824984155,564.0,-551.6351175015845
2013-03-21,12.338909118023539,565.0,-552.6610908819764
2013-01-03,12.314924130388857,566.0,-553.6850758696112
2013-02-28,12.311879403979272,567.0,-554.6881205960208
2013-03-20,12.310139560316653,568.0,-555.6898604396833
2021-08-06,12.298209203772975,569.0,-556.701790796227
2020-04-02,12.292057613680141,570.0,-557.7079423863198
2019-08-24,12.250612052145602,571.0,-558.7493879478544
2020-09-19,12.202393527781576,572.0,-559.7976064722184
2020-08-01,12.17548808828464,573.0,-560.8245119117154
2013-11-03,12.15864888712143,574.0,-561.8413511128786
2018-07-03,12.148334099693042,575.0,-562.851665900307
2020-12-02,12.134291075844757,576.0,-563.8657089241552
2014-06-18,12.06295748567736,577.0,-564.9370425143227
2015-06-13,12.058172915605155,578.0,-565.9418270843948
2018-05-16,12.056370934668871,579.0,-566.9436290653312
2014-01-30,11.997029838318815,580.0,-568.0029701616812
2018-08-31,11.989635502752682,581.0,-569.0103644972473
2021-12-15,11.975219655262407,582.0,-570.0247803447376
2017-07-18,11.972423477947483,583.0,-571.0275765220525
2020-03-25,11.967701045148942,584.0,-572.0322989548511
2013-03-28,11.939366448357713,585.0,-573.0606335516422
2017-10-19,11.925820522698746,586.0,-574.0741794773013
2016-10-10,11.923272894478481,587.0,-575.0767271055215
2015-07-16,11.91563000981769,588.0,-576.0843699901823
2013-05-04,11.912895969776432,589.0,-577.0871040302236
2017-03-28,11.903699653274012,590.0,-578.096300346726
2018-11-26,11.899101495022805,591.0,-579.1008985049772
2012-12-05,11.898728671380814,592.0,-580.1012713286192
2016-08-25,11.894876160413586,593.0,-581.1051238395864
2016-08-04,11.89282563038264,594.0,-582.1071743696174
2014-11-21,11.892328532193321,595.0,-583.1076714678067
2016-10-20,11.887606099394784,596.0,-584.1123939006052
2018-08-14,11.86772217182199,597.0,-585.132277828178
2018-05-15,11.86200554264481,598.0,-586.1379944573551
2018-11-03,11.861259895360831,599.0,-587.1387401046392
2018-10-02,11.858712267140568,600.0,-588.1412877328594
2016-09-06,11.854424795257684,601.0,-589.1455752047423
2016-08-30,11.852933500689725,602.0,-590.1470664993103
2018-05-18,11.851193657027103,603.0,-591.1488063429729
2016-10-26,11.847465420607206,604.0,-592.1525345793927
2016-09-13,11.846968322417887,605.0,-593.1530316775821
2016-10-13,11.842929399629663,606.0,-594.1570706003704
2016-07-28,11.842929399629663,607.0,-595.1570706003704
2016-07-26,11.841251693240707,608.0,-596.1587483067593
2016-09-20,11.841003144146049,609.0,-597.158996855854
2016-07-14,11.837585594094474,610.0,-598.1624144059056
2016-11-14,11.8354107895162,611.0,-599.1645892104838
2016-09-28,11.827519355760748,612.0,-600.1724806442393
2018-10-18,11.825593100277134,613.0,-601.1744068997228
2018-05-21,11.823853256614512,614.0,-602.1761467433855
2018-01-30,11.81297923372314,615.0,-603.1870207662769
2016-09-09,11.805771309978004,616.0,-604.194228690022
2018-06-21,11.79986826897983,617.0,-605.2001317310202
2016-10-11,11.793965227981658,618.0,-606.2060347720184
2014-01-12,11.77799594864976,619.0,-607.2220040513503
2016-11-21,11.768240396684355,620.0,-608.2317596033156
2018-04-04,11.757925609255969,621.0,-609.242074390744
2015-02-18,11.736550387115214,622.0,-610.2634496128848
2017-11-08,11.669193582462377,623.0,-611.3308064175376
2013-11-20,11.644338672996385,624.0,-612.3556613270036
2017-10-24,11.562193197211279,625.0,-613.4378068027887
2013-11-24,11.51552810468888,626.0,-614.4844718953111
2013-10-30,11.455317086507513,627.0,-615.5446829134925
2020-07-30,11.447736339120384,628.0,-616.5522636608796
2017-04-28,11.333838716492476,629.0,-617.6661612835076
2020-08-31,11.331788186461532,630.0,-618.6682118135385
2013-10-03,11.248337827929463,631.0,-619.7516621720705
2013-09-09,11.208818521878534,632.0,-620.7911814781214
2012-12-13,11.203350441796017,633.0,-621.796649558204
2013-04-01,11.179738277803324,634.0,-622.8202617221966
2015-02-19,11.172841040426512,635.0,-623.8271589595735
2021-07-02,11.126610908819766,636.0,-624.8733890911802
2015-03-12,11.115488336833733,637.0,-625.8845116631662
2016-06-26,11.112505747697814,638.0,-626.8874942523022
2020-04-29,11.100761802975134,639.0,-627.8992381970248
2017-04-24,11.080194365392025,640.0,-628.919805634608
2021-03-23,11.077584599898094,641.0,-629.922415400102
2018-08-27,11.069941715237302,642.0,-630.9300582847627
2020-06-02,11.055215181378701,643.0,-631.9447848186213
2020-12-28,11.01538518895945,644.0,-632.9846148110405
2013-08-27,10.953993562578447,645.0,-634.0460064374215
2013-08-28,10.950078914337556,646.0,-635.0499210856624
2013-08-07,10.942995265139746,647.0,-636.0570047348602
2013-12-12,10.940882597835136,648.0,-637.0591174021648
2013-09-26,10.939018479625188,649.0,-638.0609815203749
2013-10-01,10.89887780083761,650.0,-639.1011221991624
2013-09-03,10.88601538518896,651.0,-640.113984614811
2013-09-17,10.881106540569428,652.0,-641.1188934594305
2013-09-23,10.870791753141042,653.0,-642.129208246859
2013-08-13,10.856003082008774,654.0,-643.1439969179912
2013-03-24,10.843575627275778,655.0,-644.1564243727242
2013-08-20,10.83587060534132,656.0,-645.1641293946586
2013-03-29,10.825120856997279,657.0,-646.1748791430027
2013-08-14,10.8181614823468,658.0,-647.1818385176532
2015-07-15,10.675432164738341,659.0,-648.3245678352616
2014-02-16,10.66157555271105,660.0,-649.338424447289
2013-01-26,10.635105074129768,661.0,-650.3648949258702
2021-07-30,10.614351224725663,662.0,-651.3856487752744
2012-12-11,10.56327438577305,663.0,-652.4367256142269
2014-04-10,10.469633514359924,664.0,-653.5303664856401
2013-11-14,10.393701765941318,665.0,-654.6062982340587
2021-04-08,10.167459952527123,666.0,-655.8325400474729
2013-04-11,10.112592739880945,667.0,-656.8874072601191
2013-01-30,10.019138280288814,668.0,-657.9808617197111
2014-01-09,9.796624703294519,669.0,-659.2033752967055
2013-06-20,9.773633912038477,670.0,-660.2263660879615
2017-12-05,9.763443399157419,671.0,-661.2365566008426
2021-12-20,9.75983943728485,672.0,-662.2401605627151
2013-01-09,9.719885170318268,673.0,-663.2801148296817
2017-05-23,9.688505847117453,674.0,-664.3114941528826
2018-06-19,9.629537574409387,675.0,-665.3704624255906
2013-03-01,9.594492152062337,676.0,-666.4055078479377
2021-09-14,9.576285930878496,677.0,-667.4237140691215
2013-01-02,9.563361377956182,678.0,-668.4366386220438
2013-05-02,9.536455938459245,679.0,-669.4635440615408
2013-02-10,9.514521480855505,680.0,-670.4854785191445
2013-04-02,9.48687039407459,681.0,-671.5131296059254
2013-08-15,9.476555606646203,682.0,-672.5234443933538
2013-12-07,9.458846483651683,683.0,-673.5411535163483
2013-02-26,9.4238631985783,684.0,-674.5761368014217
2013-03-03,9.40876384107771,685.0,-675.5912361589222
2016-11-18,9.398138367280998,686.0,-676.601861632719
2016-11-02,9.387761442578945,687.0,-677.612238557421
2013-03-13,9.386705108926641,688.0,-678.6132948910733
2013-03-04,9.367504691364163,689.0,-679.6324953086358
2013-04-03,9.364584239501907,690.0,-680.6354157604981
2013-03-11,9.364211415859918,691.0,-681.6357885841401
2015-06-20,9.350727627474617,692.0,-682.6492723725254
2013-02-12,9.332894229932768,693.0,-683.6671057700672
2013-01-29,9.29461766935514,694.0,-684.7053823306449
2013-02-25,9.272310388109412,695.0,-685.7276896118906
2013-08-12,9.24248449675022,696.0,-686.7575155032498
2013-01-22,9.236022220289064,697.0,-687.7639777797109
2013-08-21,9.232604670237489,698.0,-688.7673953297625
2013-02-24,9.213714939043335,699.0,-689.7862850609566
2013-01-04,9.18047149763257,700.0,-690.8195285023675
2013-12-05,9.153938881777623,701.0,-691.8460611182223
2013-10-22,9.115600183926329,702.0,-692.8843998160737
2016-11-17,9.103297003740664,703.0,-693.8967029962594
2020-11-09,9.095094883616888,704.0,-694.9049051163831
2013-10-02,9.091553059017983,705.0,-695.908446940982
2016-10-05,9.045260790137572,706.0,-696.9547392098624
2013-10-31,8.977593299116409,707.0,-698.0224067008836
2013-01-28,8.904519865286392,708.0,-699.0954801347136
2013-11-07,8.837349472454546,709.0,-700.1626505275455
2013-05-01,8.759180782184002,710.0,-701.240819217816
2013-11-13,8.527160202318962,711.0,-702.472839797681
2013-08-17,8.520946474952465,712.0,-703.4790535250476
2012-12-18,8.504231548336586,713.0,-704.4957684516634
2015-02-17,8.452844023015647,714.0,-705.5471559769843
2012-12-04,8.375607391850076,715.0,-706.62439260815
2013-10-29,8.3439795195546,716.0,-707.6560204804454
2013-09-05,8.325462612002436,717.0,-708.6745373879976
2012-12-10,8.30042129071545,718.0,-709.6995787092845
2016-10-30,8.159556091316938,719.0,-710.840443908683
2013-10-24,8.089838070264829,720.0,-711.9101619297352
2013-02-06,8.04130885953248,721.0,-712.9586911404675
2016-12-13,7.980352194067134,722.0,-714.0196478059329
2014-04-02,7.92442864776865,723.0,-715.0755713522313
2013-09-18,7.749574359675396,724.0,-716.2504256403246
2013-03-07,7.6237463805038095,725.0,-717.3762536194962
2019-11-02,7.483254004747288,726.0,-718.5167459952527
2013-05-30,7.209042216063728,727.0,-719.7909577839363
2013-04-29,7.128512309393914,728.0,-720.871487690606
2021-11-25,7.100985497160327,729.0,-721.8990145028397
2021-10-26,7.053201933711957,730.0,-722.946798066288
2013-03-17,7.024929474194391,731.0,-723.9750705258056
2017-10-28,6.951856040364373,732.0,-725.0481439596356
2021-06-22,6.905315222389302,733.0,-726.0946847776107
2017-06-21,6.86647942634869,734.0,-727.1335205736514
2012-12-14,6.851690755216425,735.0,-728.1483092447836
2021-08-17,6.845166341481602,736.0,-729.1548336585184
2013-01-12,6.760473237476233,737.0,-730.2395267625237
2017-06-19,6.6874619409198806,738.0,-731.3125380590801
2019-07-19,6.348378838530081,739.0,-732.65162116147
2013-02-02,5.894590328954728,740.0,-734.1054096710453
2021-03-12,5.8251208569972786,741.0,-735.1748791430027
2013-09-25,5.561410267563101,742.0,-736.4385897324369
2021-05-06,5.560229659363466,743.0,-737.4397703406365
2013-09-19,5.556315011122572,744.0,-738.4436849888774
2014-03-07,5.554575167459953,745.0,-739.4454248325401
2018-11-27,5.492624305615967,746.0,-740.507375694384
2013-08-29,5.485789205512819,747.0,-741.5142107944872
2013-09-12,5.4787055563150115,748.0,-742.521294443685
2013-09-10,5.478457007220352,749.0,-743.5215429927797
2013-09-04,5.4561497259746226,750.0,-744.5438502740254
2013-10-08,5.433096797444916,751.0,-745.5669032025551
2018-06-26,5.409298221631228,752.0,-746.5907017783687
2013-09-11,5.401779611517765,753.0,-747.5982203884822
2013-06-09,5.400785415139126,754.0,-748.5992145848609
2013-08-30,5.367293424633701,755.0,-749.6327065753663
2012-12-15,5.111039308039322,756.0,-750.8889606919607
2014-03-06,4.990430859855594,757.0,-752.0095691401444
2013-01-08,4.822163122770825,758.0,-753.1778368772292
2013-06-21,4.720568680328582,759.0,-754.2794313196714
2012-12-20,4.6993177327351585,760.0,-755.3006822672648
2013-01-31,4.681670747014304,761.0,-756.3183292529857
2013-08-10,4.634135732660594,762.0,-757.3658642673394
2014-03-10,4.605552586774703,763.0,-758.3944474132253
2013-03-15,4.551679570507164,764.0,-759.4483204294928
2012-12-06,4.433556613270037,765.0,-760.5664433867299
2013-01-25,4.251494401431644,766.0,-761.7485055985684
2021-11-24,4.140579367939653,767.0,-762.8594206320604
2021-09-24,3.6875365056482785,768.0,-764.3124634943517
2021-09-10,3.4679433805162367,769.0,-765.5320566194838
2021-10-19,3.315396373668709,770.0,-766.6846036263313
2019-08-11,3.1009606422508607,771.0,-767.8990393577492
2021-10-27,2.721488311978824,772.0,-769.2785116880211
2021-11-03,2.631140716069942,773.0,-770.3688592839301
2013-02-20,2.2891992990915533,774.0,-771.7108007009084
